<?xml version="1.0" encoding="UTF-8"?>
<addon
  id="pvr.lifesat"
  version="1.0.4"
  name="LifeSat PVR Client"
  provider-name="FSNS">
  <requires>
    <c-pluff version="0.1"/>
    <import addon="xbmc.pvr" version="5.2.1"/>
	<import addon="kodi.guilib" version="5.10.0"/>
  </requires>
  <extension
    point="xbmc.pvrclient"
    library_windows="pvr.lifesat.dll"/>
  <extension point="xbmc.addon.metadata">
    <summary lang="af_ZA">PVR Inprop vir LifeSat</summary>
    <summary lang="bg_BG">ПВР добавка за LifeSat</summary>
    <summary lang="ca_ES">Connector PVR per a LifeSat</summary>
    <summary lang="cs_CZ">Doplněk PVR pro LifeSat</summary>
    <summary lang="cy_GB">Ategyn Recordydd ar gyfer LifeSat</summary>
    <summary lang="da_DK">PVR Plugin til LifeSat</summary>
    <summary lang="de_DE">PVR-Plugin für LifeSat</summary>
    <summary lang="el_GR">Plugin PVR για το LifeSat </summary>
    <summary lang="en_AU">PVR Plugin for LifeSat</summary>
    <summary lang="en_GB">PVR Plugin for LifeSat</summary>
    <summary lang="en_NZ">PVR Plugin for LifeSat</summary>
    <summary lang="en_US">PVR Plugin for LifeSat</summary>
    <summary lang="es_AR">Plugin PVR para LifeSat</summary>
    <summary lang="es_ES">Complemento PVR para LifeSat</summary>
    <summary lang="es_MX">Complemento PVR para LifeSat</summary>
    <summary lang="fi_FI">Kodin LifeSat-asiakasohjelma</summary>
    <summary lang="fr_CA">Plugiciel de numériscope pour LifeSat</summary>
    <summary lang="fr_FR">Extension enregistreur vidéo (PVR) pour LifeSat</summary>
    <summary lang="gl_ES">Complemento PVR do LifeSat</summary>
    <summary lang="he_IL">לקוח טלוויזיה חיה עבור LifeSat</summary>
    <summary lang="hr_HR">PVR dodatak za LifeSat</summary>
    <summary lang="hu_HU">PVR kiegészítő a LifeSat-hez</summary>
    <summary lang="id_ID">Plugin PVR untuk LifeSat</summary>
    <summary lang="is_IS">PVR viðbót fyrir LifeSat</summary>
    <summary lang="it_IT">Plugin PVR per LifeSat</summary>
    <summary lang="ja_JP">LifeSat 用 PVR プラグイン</summary>
    <summary lang="ko_KR">LifeSat를 위한 PVR 플러그인</summary>
    <summary lang="lt_LT">PVR įskiepis skirtas LifeSat</summary>
    <summary lang="lv_LV">PVR spraudnis LifeSat</summary>
    <summary lang="mk_MK">PVR Plugin за LifeSat</summary>
    <summary lang="ms_MY">Pemalam PVR untuk LifeSat</summary>
    <summary lang="mt_MT">PVR Plugin għal LifeSat</summary>
    <summary lang="nb_NO">PVR-innstikk til LifeSat</summary>
    <summary lang="nl_NL">PVR Plug-in voor LifeSat</summary>
    <summary lang="pl_PL">Klient telewizji dla LifeSat</summary>
    <summary lang="pt_BR">Plugin de PVR para LifeSat</summary>
    <summary lang="pt_PT">Plug-in PVR para LifeSat</summary>
    <summary lang="ro_RO">Plugin PVR pentru LifeSat</summary>
    <summary lang="ru_RU">Дополнение PVR для LifeSat</summary>
    <summary lang="si_LK">DBVLink සඳහා PVR පේනුකිරීම </summary>
    <summary lang="sk_SK">PVR zásuvný modul pre LifeSat</summary>
    <summary lang="sl_SI">Vtičnik PVR za LifeSat</summary>
    <summary lang="sr_RS">PVR Прикључак за LifeSat</summary>
    <summary lang="sr_RS@latin">PVR Priključak za LifeSat</summary>
    <summary lang="sv_SE">PVR-tillägg för LifeSat</summary>
    <summary lang="szl">Klijynt telewizyjny dlŏ LifeSat</summary>
    <summary lang="tr_TR">DVDLink için PVR Eklentisi</summary>
    <summary lang="uk_UA">PVR плагін для LifeSat</summary>
    <summary lang="zh_CN">LifeSat PVR 插件</summary>
    <summary lang="zh_TW">LifeSat的PVR附加元件</summary>
    <description lang="af_ZA">PVR Inprop vir LifeSat van FSNS.org.rs; ondersteun stroom van lewendige TV &amp; opnames, EPG, tydhouers</description>
    <description lang="bg_BG">ПВР добавка за LifeSat от FSNS.org.rs. Поддържа поточна телевизия и записване, електронен програмен справочник и броячи.</description>
    <description lang="ca_ES">Connector PVR per a LifeSat de FSNS.org.rs; compatible amb les transmissions en línia de TV en directe i enregistraments, guia electrònica de programació (EPG), temporitzadors</description>
    <description lang="cs_CZ">Doplněk PVR pro LifeSat od FSNS.org.rs; podporuje streamování živého vysílání a nahrávání, televizní program, časovače</description>
    <description lang="cy_GB">Ategyn amserydd ar gyfer LifeSat gan FSNS.org.rs; cefnogi ffrydio Teledu Byw a Recordiadau ac Amseryddion</description>
    <description lang="da_DK">PVR Plugin til LifeSat fra FSNS.org.rs; understøtter streaming af TV og optagelser, EPG, Timere.</description>
    <description lang="de_DE">PVR-Plugin für LifeSat von FSNS.org.rs; unterstützt das Streaming von Live-TV &amp; Aufnahmen, EPG, Timer</description>
    <description lang="el_GR">Plugin PVR για το LifeSat από το FSNS.org.rs. Υποστηρίζει ροές πολυμέσων από LiveTV &amp; Εγγραφές, EPG, Χρονοδιακόπτες</description>
    <description lang="en_AU">PVR Plugin for LifeSat from FSNS.org.rs; supporting streaming of Live TV &amp; Recordings, EPG, Timers</description>
    <description lang="en_GB">PVR Plugin for LifeSat from FSNS.org.rs; supporting streaming of Live TV &amp; Recordings, EPG, Timers</description>
    <description lang="en_NZ">PVR Plugin for LifeSat from FSNS.org.rs; supporting streaming of Live TV &amp; Recordings, EPG, Timers</description>
    <description lang="en_US">PVR Plugin for LifeSat from FSNS.org.rs; supporting streaming of Live TV &amp; Recordings, EPG, Timers</description>
    <description lang="es_AR">Plugin PVR para LifeSat de FSNS.org.rs; soporta streaming de TV en vivo, grabaciones, guía de programación (EPG) y temporizadores</description>
    <description lang="es_ES">Complemento PVR para LifeSat de FSNS.org.rs; soporta emisiones en directo, grabaciones, EPG, programaciones</description>
    <description lang="es_MX">Complemento PVR para LifeSat de FSNS.org.rs; soporta emisiones de TV en vivo, grabaciones, EPG, programaciones.</description>
    <description lang="fi_FI">LifeSat-asiakasohjelma. Tukee suorien tv-lähetysten ja tallennusten katsomista, ohjelmaopasta ja ohjelmien ajastamista.</description>
    <description lang="fr_CA">Plugiciel de numériscope pour LifeSat de FSNS.org.rs, prenant en charge la diffusion en continu de la télé en direct &amp; les enregistrements, GÉP, des minuteries</description>
    <description lang="fr_FR">Extension enregistreur vidéo (PVR) pour LifeSat de FSNS.org.rs. Gère la diffusion de la TV en direct et des enregistrements en direct, le guide électronique des programmes TV et les programmations.</description>
    <description lang="gl_ES">Complemento PVR do LifeSat de FSNS.org.rs; soporta transmisión de TV en directo e Gravacións, Guía e temporizadores</description>
    <description lang="he_IL">לקוח טלוויזיה חיה של LifeSat מ־FSNS.org.rs. תומך בהזרמת שידורים חיים והקלטות, הצגת לוח שידורים ותזמון הקלטות.</description>
    <description lang="hr_HR">PVR dodatak za LifeSat od FSNS.org.rs; podržava streamanje TV programa i snimanje, elektronski programski vodič (EPG) i zakazana snimanja</description>
    <description lang="hu_HU">PVR kiegészítő a LifeSat-hez a FSNS.org.rs-tól; támogatja az elő TV adásokat, felvételeket, EPG-t, időzítést.</description>
    <description lang="id_ID">Plugin PVR untuk LifeSat dari FSNS.org.rs; mendukung siaran dari Live TV dan Perekaman, EPG, dan Timer.</description>
    <description lang="is_IS">Upptökuviðbót (PVR) fyrir LifeSat frá FSNS.org.rs; styður streymingu á Live TV &amp; Recordings, rafræna dagskrárvísa (EPG), og tímaupptökur</description>
    <description lang="it_IT">Plugin PVR per LifeSat da FSNS.org.rs; supporta lo stream di Live TV e registrazioni, EPG, timer</description>
    <description lang="ja_JP">DvdLogic.com - LifeSat の PVR プラグインです。ライブTV ストリーミング、録画、EPG、タイマーをサポートしています</description>
    <description lang="ko_KR">FSNS.org.rs의 LifeSat를 위한 PVR 플러그인. 라이브 TV 스트리밍, 녹화, EPG, 타이머를 지원합니다.</description>
    <description lang="lt_LT">PVR įskiepis skirtas LifeSat iš FSNS.org.rs; palaiko Live TV transliaciją ir įrašymus, EPG, laikmačius</description>
    <description lang="lv_LV">PVR spraudnis LifeSat no FSNS.org.rs; atbalsta tiešraides TV un ierakstu straumēšanu, EPG, taimerus</description>
    <description lang="mk_MK">PVR Plugin за LifeSat од FSNS.org.rs; поддржува емитување на Live TV &amp; Снимки, EPG, Тајмери</description>
    <description lang="ms_MY">Pemalam PVR untuk LifeSat dari FSNS.org.rs; menyokong penstriman Siaran Langsung &amp; Rakaman, EPG dan Pemasa</description>
    <description lang="mt_MT">PVR Plugin għal LifeSat minn DVBLogic.com; jiflaħ streaming ta' TV Lajv u Rekordings, EPG, Arloġġi</description>
    <description lang="nb_NO">PVR-innstikk til LifeSat fra FSNS.org.rs - støtter strømming av Live-TV, opptak, EPG og tidsur.</description>
    <description lang="nl_NL">PVR plug-in voor LifeSat van FSNS.org.rs; ondersteunt het streamen van Live TV &amp; opnames, EPG, Timers</description>
    <description lang="pl_PL">Klient telewizji dla LifeSat od FSNS.org.rs obsługuje transmisję kanałów radiowych i telewizyjnych, nagrywanie i harmonogram nagrań oraz funkcje przewodnika telewizyjnego.</description>
    <description lang="pt_BR">Plugin de PVR para LifeSat de FSNS.org.rs; suporta streaming de tv ao vivo e gravações, EPG, Agendamentos</description>
    <description lang="pt_PT">Plugin PVR para LifeSat de FSNS.org.rs; suporta transmissão e gravação de TV em direto, EPG e temporizadores.</description>
    <description lang="ro_RO">Plugin PVR pentru LifeSat de la FSNS.org.rs; se poate difuza în flux a televiziunii în direct și a înregistrăriilor, EPG, Cronometre</description>
    <description lang="ru_RU">Плагин PVR для LifeSat с сайта FSNS.org.rs; поддержка трансляции Прямого вещания и записей Live TV &amp; Recordings, EPG, Таймеров</description>
    <description lang="si_LK">FSNS.org.rs වලින් DBVLink සඳහා PVR පේනුකිරීම; සජීව රූපවාහිනී සහ පටිගත කිරීම් ප්‍රවාහන කිරීම ,EPG, මුහුර්තක උදව් </description>
    <description lang="sk_SK">PVR zásuvný modul pre LifeSat od firmy FSNS.org.rs; je podporované streamovanie živého televízneho vysielania a nahrávok, EPG, časovačov</description>
    <description lang="sl_SI">Vtičnik PVR za LifeSat z FSNS.org.rs; podpira predvajanje televizije v živo &amp; posnetkov, EPG, časovnike.</description>
    <description lang="sr_RS">PVR Прикључак за LifeSat од FSNS.org.rs; подржава стримовање ТВ Уживо &amp; Снимака, EPG, Тајмере</description>
    <description lang="sr_RS@latin">PVR Priključak za LifeSat od FSNS.org.rs; podržava strimovanje TV Uživo &amp; Snimaka, EPG, Tajmere</description>
    <description lang="sv_SE">PVR tillägg för LifeSat från FSNS.org.rs; stöder strömmande Live TV &amp; inspelningar, EPG, timers</description>
    <description lang="szl">Klijynt telewizyjny dlŏ LifeSat ôd FSNS.org.rs podpiyrŏ szpricowanie kanałōw radyjowych i telewizyjnych, nagrowanie i harmonogram nagrań aji funkcyje ôkludzŏcza telewizyjnygo.</description>
    <description lang="tr_TR">FSNS.org.rs'dan LifeSat için PVR Eklentisi; Canlı TV akışı ve Kayıtları, EPG, Zamanlayıcıları destekler</description>
    <description lang="uk_UA">PVR плагін для LifeSat з FSNS.org.rs; підтримує потоки Live TV, запис, програму передач, таймери.</description>
    <description lang="zh_CN">来自 FSNS.org.rs 的 LifeSat 的 PVR 插件，支持直播电视播放和录制、电子节目单、定时器</description>
    <description lang="zh_TW">FSNS.org.rs所開發的LifeSat用PVR附加元件; 支援即時電視節目串流及錄影,電子節目表,定時器</description>
    <disclaimer lang="af_ZA">Hierdie is onstabiele sagteware! Die outeurs is op geen manier verantwoordelik vir gefaalde opnames, inkorrekte tydhouers, gemorsde ure, of enige ander ongewensde effekte.</disclaimer>
    <disclaimer lang="be_BY">This is unstable software! The authors are in no way responsible for failed recordings, incorrect timers, wasted hours, or any other undesirable effects..</disclaimer>
    <disclaimer lang="bg_BG">Тази програма е нестабилна! Авторите не носят отговорност за неуспешно записване, некоректни броячи, пропиляно време и други нежелани ефекти.</disclaimer>
    <disclaimer lang="ca_ES">Això és programari inestable! Els autors no són de cap manera responsables dels enregistraments que han fallat, temporitzadors incorrectes, hores perdudes, o qualssevol altres efectes no desitjats..</disclaimer>
    <disclaimer lang="cs_CZ">Tento software není stabilní! Autoři nejsou žádným způsobem zodpovědní za neúspěšná nahrávání, chybné časovače, ztracený čas nebo jakékoliv jiné nežádoucí výsledky...</disclaimer>
    <disclaimer lang="cy_GB">Mae hwn yn feddalwedd ansad! Nid yw'r awduron yn gyfrifol mewn unrhyw ffordd am fethu recordio, amseru gwallus, oriau wedi eu gwastraffu nac effeithiau anymunol eraill.</disclaimer>
    <disclaimer lang="da_DK">Dette er ustabil software! Ophavsmændene er på ingen måde ansvarlige for mislykkede optagelser, ukorrekte timere, spildte timer, eller andre uønskede konsekvenser..</disclaimer>
    <disclaimer lang="de_DE">Dies ist instabile Software! Die Autoren sind in keiner Weise verantwortlich für fehlgeschlagene Aufnahmen, falsche Timer, verschwendete Zeit oder andere ungewünschte Effekte.</disclaimer>
    <disclaimer lang="el_GR">Ασταθές πρόγραμμα! Οι δημιουργοί δεν είναι σε καμία περίπτωση υπεύθυνοι για αποτυχημένες εγγραφές, λανθασμένους χρονοδιακόπτες, χαμένες ώρες, ή κάθε είδους ανεπιθύμητα αποτελέσματα..</disclaimer>
    <disclaimer lang="en_AU">This is unstable software! The authors are in no way responsible for failed recordings, incorrect timers, wasted hours, or any other undesirable effects..</disclaimer>
    <disclaimer lang="en_GB">This is unstable software! The authors are in no way responsible for failed recordings, incorrect timers, wasted hours, or any other undesirable effects..</disclaimer>
    <disclaimer lang="en_NZ">This is unstable software! The authors are in no way responsible for failed recordings, incorrect timers, wasted hours, or any other undesirable effects..</disclaimer>
    <disclaimer lang="en_US">This is unstable software! The authors are in no way responsible for failed recordings, incorrect timers, wasted hours, or any other undesirable effects..</disclaimer>
    <disclaimer lang="es_AR">¡Este software es inestable! Los autores no se responsabilizan por grabaciones fallidas, temporizadores incorrectos, horas perdidas, o cualquier otro efecto no deseado..</disclaimer>
    <disclaimer lang="es_ES">¡Este es un software inestable! Los autores no son de ninguna manera responsables de las grabaciones fallidas o incorrectas, las programaciones perdidas, ni otros efectos no deseables..</disclaimer>
    <disclaimer lang="es_MX">¡Esto es software inestable! Los autores no son de ninguna manera responsables por grabaciones fallidas, temporizadores incorrectos, horas perdidas o cualquier otro efecto no deseado...</disclaimer>
    <disclaimer lang="et_EE">See on ebastabiilne tarkvara! Autorid ei ole kuidagi moodi vastutavad nurjunud salvestiste, ebaõige aegrelee, raisatud tundide ega muude soovimatute asjade eest.</disclaimer>
    <disclaimer lang="fi_FI">Tämä on epävakaa ohjelma! Sen tekijät eivät ole millään muotoa vastuussa epäonnistuneista tallennuksista, virheellisistä ajastuksista, haaskatusta ajasta, verenpaineen noususta tai mistään muusta epäsuotuisasta vaikutuksesta.</disclaimer>
    <disclaimer lang="fr_CA">Ce logiciel est instable! Les auteurs ne sont aucunement responsables des enregistrements défaillants, des minuteries erronées, des heures perdues ou tout autre effet indésirable.</disclaimer>
    <disclaimer lang="fr_FR">Logiciel en cours d'élaboration ! Les auteurs ne sont en aucun cas responsables de l'échec des enregistrements, programmations défectueuses, temps perdu ou autres effets indésirables.</disclaimer>
    <disclaimer lang="gl_ES">Este é software non estable, os autores non se fan responsábeis dos erros nas gravacións, temporizadores incorrectos, e outros efectos non desexados.</disclaimer>
    <disclaimer lang="he_IL">זוהי איננה הרחבה יציבה! המפתחים אינם אחראים על כשלון בניגון, זמנים שגויים במדריך השידורים, שעות מבוזבזות או כל תופעה לא רצויה אחרת.</disclaimer>
    <disclaimer lang="hr_HR">Ovo je nestabilan softver! Autori nisu ni na koji način odgovorni za neuspjelo snimanje, netočna vremena snimanja, izgubljene sate, ili bilo koje druge nepoželjne učinke...</disclaimer>
    <disclaimer lang="hu_HU">Ez nem stabil szoftver! A készítők nem vállalnak felelősséget, a hibás felvételért, rossz időzítésért, elvesztegetett időért...</disclaimer>
    <disclaimer lang="hy_AM">Սա անկայուն ծրագրային ապահովում է: Հեղինակները պատասխանատու չեն վատ ձայնագրումների, սխալ ժամանակացույցերի, կորած ժամանակի կամ այլ ոչ ցանկալի երևույթների համար:</disclaimer>
    <disclaimer lang="id_ID">Ini merupakan software yang tidak stabil! Penulis tidak bertanggung jawab untuk rekaman gagal, timer salah, waktu terbuang, atau efek tak diinginkan lainnya...</disclaimer>
    <disclaimer lang="is_IS">Þetta er óstöðugur hugbúnaður! Höfundar eru á engann hátt ábyrgir fyrir mistökum í upptöku, röngum tíma, klukkustundum sem fara í súginn, eða nokkru öðrum óæskilegum hegðunum. </disclaimer>
    <disclaimer lang="it_IT">Questo software è instabile! Gli autori non sono in alcun modo responsabili per le registrazioni fallite ì, timer non corretti, ore perse o qualsiasi altro effetto non desiderato...</disclaimer>
    <disclaimer lang="ja_JP">これは不安定なソフトウェアです！本プログラムの作者は、録画の失敗、正確に作動しなかったタイマー、無駄にした時間、その他あらゆる好ましくない結果について責任を負わないものとします。</disclaimer>
    <disclaimer lang="ko_KR">이 소프트웨어는 불안정합니다! 제작자는 녹화 실패, 부정확한 타이머, 시간 낭비 및 기타 예상하지 못한 결과에 대해 책임지지 않습니다..</disclaimer>
    <disclaimer lang="lt_LT">Tai yra nestabili programinė įranga! Autorius jokiu būdu neatsakingas už nepavykusius įrašus, neteisingus laikmačius, iššvaistytas valandas, ar nutikus kitiems nepageidaujamiems poveikiams ...[COLOR=red](Kodi.lt rekomenduoja testuojant šį priedą persijungti į Anglų [orinali] kalbą)[/COLOR]</disclaimer>
    <disclaimer lang="lv_LV">Šī ir nestabila programmatūra! Autori nav atbildīgi par nesanākušiem ierakstiem, nepareiziem taimeriem, iztērētām stundām vai jebkādiem citiem nevēlamiem efektiem..</disclaimer>
    <disclaimer lang="mk_MK">Ова е нестабилен софтвер! Авторите на ниту еден начин не одговараат за неуспешни снимки, неточни тајмери, залудно потрошени часови, или било кои други несакани ефекти.</disclaimer>
    <disclaimer lang="mn_MN">Тус програм нь гүйцэд хийгдэж дуусаагүй! Зохиогч нь алдаатай бичлэг, цагийн буруу хөтлөлт, алдагдсан цаг хугацаа эсвэл бусад ямар нэгэн хүсээгүй үр дүнд хариуцлага хүлээхгүй.</disclaimer>
    <disclaimer lang="ms_MY">Ini merupakan perisian tidak stabil! Pengarang tidak bertanggungjawab atas kegagalan rakaman, pemasa tidak betul, masa yang dibazirkan, atau apa jua kesan yang tidak dikehendaki..</disclaimer>
    <disclaimer lang="mt_MT">Dan il-programm mhuwiex stabbli! L-Awturi m'humiex responsabbli bl-ebda mod għal rekordings li ma jirnexxewx, arloġġi żbaljati, siegħat moħlija, jew kwalunkwe effett ieħor mhux mixtieq.</disclaimer>
    <disclaimer lang="nb_NO">Dette er ustabil programvare! Skaperen har ikke på noen måte ansvar for feilede opptak, feile timere, bortkastede timer, eller andre uønskede effekter..</disclaimer>
    <disclaimer lang="nl_NL">Dit is instabiele software! De auteurs zijn op geen enkele wijze verantwoordelijk voor mislukte opnames, onjuiste timers, verspilde uren, of andere ongewenste effecten ..</disclaimer>
    <disclaimer lang="pl_PL">Oprogramowanie nadal jest w fazie rozwoju i jest niestabilne! Autorzy w żaden sposób nie są odpowiedzialni za nieudane nagrania, błędy w harmonogramie nagrań, zmarnowany czas ani jakiekolwiek inne niepożądane efekty.</disclaimer>
    <disclaimer lang="pt_BR">Este é um software instável! Os autores não são responsáveis por falhas nas gravações, agendamentos incorretos, horas dispendidas, ou quaisquer outros efeitos indesejáveis</disclaimer>
    <disclaimer lang="pt_PT">Este software é instável! Os autores não podem ser responsabilizados por gravações falhadas, temporizadores incorretos, horas desperdiçadas ou qualquer outro tipo de efeitos indesejáveis...</disclaimer>
    <disclaimer lang="ro_RO">Acesta este o aplicație instabilă! Autorii nu sunt în nici un fel responsabili pentru înregistrări eșuate, cronometre incorecte, ore pierdute, sau orice alte efecte nedorite...</disclaimer>
    <disclaimer lang="ru_RU">Это тестовая программа! Авторы не несут ответственности за неудачные записи, неверные таймеры, потраченное время и прочие нежелательные эффекты..</disclaimer>
    <disclaimer lang="si_LK">මෙය අස්ථිර මෘදුකාංගයකි! මෙහි සිදුවන පටිගත කිරීම් අසාර්ථක වීම්, සාවද්‍ය මුහුර්තක, නාස්ති වූ කාලයන්, හෝ වෙනත් යමිකිසි නුසුදුසු බලපෑම් සඳහා කතෘ වග කියනු නොලැබේ.</disclaimer>
    <disclaimer lang="sk_SK">Tento softvér nie je stabilný! Autori nenesú žiadnu zodpovednosť za chybné nahrávky vysielania, nesprávne časovače alebo iné neželané udalosti spôsobené týmto softvérom..</disclaimer>
    <disclaimer lang="sl_SI">To je nestabilna programska oprema! Avtorji niso odgovorni za neuspela snemanja, nepravilne časovnike, zapravljen čas in katerikoli drug neželen učinek...</disclaimer>
    <disclaimer lang="sq_AL">Ky program nuk është ende stabël! Autorët e këtij programi nuk janë në as një menyr përgjegjës për rregistrime të gabuara, timer të pasaktë, kohë të humbur ose efekte të tilla të padëshirueshme.</disclaimer>
    <disclaimer lang="sr_RS">Овај софтвер је нестабилан! Аутори ни на који начин нису одговорни за неуспела снимања, неисправне тајмере, изгубљене сате, или било које друге нежељене ефекте..</disclaimer>
    <disclaimer lang="sr_RS@latin">Ovaj softver je nestabilan! Autori ni na koji način nisu odgovorni za neuspela snimanja, neispravne tajmere, izgubljene sate, ili bilo koje druge neželjene efekte..</disclaimer>
    <disclaimer lang="sv_SE">Detta är ostabil mjukvara! Upphovsmännen är inte ansvariga för misslyckade inspelningar, inkorrekta timers, bortslösade timmar, eller några andra oönskade effekter..</disclaimer>
    <disclaimer lang="szl">To software je niysztabilne! Autory w żŏdyn knif niy ôdpadajōm za niypodarzōne nagrania, felery w harmōnogramie nagrań, potracōne godziny a tyż jake ino inksze niynazdane efekty.</disclaimer>
    <disclaimer lang="te_IN">ఇది అస్థిర సాఫ్ట్వేర్! విఫలమైన రికార్డింగ్లు, తప్పు టైమర్లు, వృధా గంటల, లేదా ఏ ఇతర అవాంఛనీయ ప్రభావాలకు ఏ విధంగా రచయితలు భాద్యుతులు కారు.</disclaimer>
    <disclaimer lang="tg_TJ">Ин нармафзори ноустувор аст! Муаллифон барои вайрониҳои сабт, вақтсанҷҳои нодуруст, соатҳои бефоида ва дигар таъсирҳои номатлуб ҷавобгар намебошанд.</disclaimer>
    <disclaimer lang="th_TH">นี่คือโปรแกรมที่ยังไม่เสถียร! ผู้เขียนไม่อยู่ในทางที่จะรับผิดชอบในการบันทึกที่ล้มเหลว, การตั้งเวลาที่ไม่ถูกต้อง, การเสียเวลา, หรือผลกระทบที่ไม่พึงประสงค์อื่น ๆ..</disclaimer>
    <disclaimer lang="tr_TR">Bu kararsız bir yazılımdır! Yapımcılar hatalı kayıtlardan, bozuk sürelerden, harcanan vakitten veya herhangi bir olumsuz etkiden dolayı sorumlu tutulamaz.</disclaimer>
    <disclaimer lang="uk_UA">Нестабільна програма! Автори не несуть відповідальності за зіпсовані записи, неправильні таймери, втрачений час та інші проблеми.</disclaimer>
    <disclaimer lang="vi_VN">Đây là phần mềm không ổn định! Các tác giả không chịu trách nhiệm đối với bản ghi chương trình thất bại, hẹn giờ không chính xác, giờ lãng phí, hoặc bất kỳ tác dụng không mong muốn khác..</disclaimer>
    <disclaimer lang="zh_CN">这是不稳定版的软件！作者不对录像失败、错误定时造成时间浪费或其它不良影响负责。</disclaimer>
    <disclaimer lang="zh_TW">這是測試版軟體！其原創作者並無法對於以下情況負責，包含：錄影失敗，不正確的定時設定，多餘時數，或任何產生的其它不良影響...</disclaimer>
    <platform>windows</platform>
  </extension>
</addon>
